<?xml version="1.0" encoding="UTF-8"?>
<!DOCTYPE generatorConfiguration
        PUBLIC "-//mybatis.org//DTD MyBatis Generator Configuration 1.0//EN"
        "http://mybatis.org/dtd/mybatis-generator-config_1_0.dtd">
<generatorConfiguration>
    <!-- 数据库驱动:选择你的本地硬盘上面的数据库驱动包-->
    <classPathEntry location="D:\maven\repository\mysql\mysql-connector-java\5.1.47\mysql-connector-java-5.1.47.jar"/>
    <context id="DB2Tables" targetRuntime="MyBatis3">
        <commentGenerator>
            <property name="suppressDate" value="true"/>
            <!-- 是否去除自动生成的注释 true：是 ： false:否 -->
            <property name="suppressAllComments" value="true"/>
        </commentGenerator>
        <!--数据库连接驱动类,URL，用户名、密码 -->
        <jdbcConnection driverClass="com.mysql.cj.jdbc.Driver" connectionURL="jdbc:mysql://127.0.0.1/test?characterEncoding=utf8&amp;useSSL=false&amp;serverTimezone=UTC"
                        userId="root" password="root">
        </jdbcConnection>
        <javaTypeResolver>
            <property name="forceBigDecimals" value="false"/>
        </javaTypeResolver>
        <!-- 生成(实体)模型的包名和位置-->
        <javaModelGenerator targetPackage="com.tuling.bean" targetProject="src\main\java">
            <property name="enableSubPackages" value="true"/>
            <property name="trimStrings" value="true"/>
        </javaModelGenerator>
        <!-- 生成XML映射文件的包名和位置-->
        <sqlMapGenerator targetPackage="mapper" targetProject="src\main\resources">
            <property name="enableSubPackages" value="true"/>
            <property name="trimStrings" value="true" />
        </sqlMapGenerator>
        <!-- 生成DAO接口的包名和位置-->
        <javaClientGenerator type="XMLMAPPER" targetPackage="com.tuling.mapper" targetProject="src\main\java">
            <property name="enableSubPackages" value="true"/>
        </javaClientGenerator>
        <!-- 配置表信息 -->
        <!-- schema即为数据库名 tableName为对应的数据库表 domainObjectName是要生成的实体类 enable*ByExample
             是否生成 example类   -->
        <!-- 更改tableName和domainObjectName就可以 -->
        <!-- 要生成的表 tableName是数据库中的表名或视图名 domainObjectName是实体类名-->
        <table tableName="t_methodlock" domainObjectName="Methodlock" enableCountByExample="false" enableUpdateByExample="false"
               enableDeleteByExample="false" enableSelectByExample="false" selectByExampleQueryId="false"></table>
    </context>
</generatorConfiguration>
